Product Name,SKU,Category,Cost Price,Selling Price,Stock,Reorder Level,Unit,Active,Description,Barcode
SEAL - HEAD COVER,AA101844,BAJAJ,0,0,68,0,pcs,yes,SEAL - HEAD COVER,AA101844
CAM CHAIN 100 LINKS,DK101064,BAJAJ,0,0,450,0,pcs,yes,CAM CHAIN 100 LINKS,DK101064
CHAIN,RA511202,BAJAJ,0,0,565,0,pcs,yes,CHAIN,RA511202
ASSLY CRANKSHAFT-205FL,AA101949,BAJAJ,0,0,331,0,pcs,yes,ASSLY CRANKSHAFT-205FL,AA101949
CRANKSHAFT ASSEMBLY,AF101277,BAJAJ,0,0,13,0,pcs,yes,CRANKSHAFT ASSEMBLY,AF101277
NUT HEXAGON FLANGE M16,39193815,BAJAJ,0,0,480,0,pcs,yes,NUT HEXAGON FLANGE M16,39193815
ASSLY CAMSHAFT,AA101864,BAJAJ,0,0,150,0,pcs,yes,ASSLY CAMSHAFT,AA101864
ARMATURE ASSY,AA111082,BAJAJ,0,0,55,0,pcs,yes,ARMATURE ASSY,AA111082
KIT CONNECTING ROD,36AA4132-BAJAJ-KIT-CONNECTING-ROD,BAJAJ,0,0,20,0,pcs,yes,KIT CONNECTING ROD,36AA4132-BAJAJ-KIT-CONNECTING-ROD
OIL PUMP ASSLY,AA121336,BAJAJ,0,0,240,0,pcs,yes,OIL PUMP ASSLY,AA121336
CHAIN,AM101174,BAJAJ,0,0,380,0,pcs,yes,CHAIN,AM101174
GEAR CABL2524 COM 4S,AA191093-BAJAJ-GEAR-CABL2524-COM-4S,BAJAJ,0,0,175,0,pcs,yes,GEAR CABL2524 COM 4S,AA191093-BAJAJ-GEAR-CABL2524-COM-4S
GEAR CABL2520 COM 4S,AA191094-BAJAJ-GEAR-CABL2520-COM-4S,BAJAJ,0,0,175,0,pcs,yes,GEAR CABL2520 COM 4S,AA191094-BAJAJ-GEAR-CABL2520-COM-4S
CARBURETTOR ASSLY,AA121324,BAJAJ,0,0,102,0,pcs,yes,CARBURETTOR ASSLY,AA121324
CYL BLOCK PISTON ASSLY-LPG,36AA4105,BAJAJ,0,0,90,0,pcs,yes,CYL BLOCK PISTON ASSLY-LPG,36AA4105
KIT VALAVE 4S BSIV,36AA4106,BAJAJ,0,0,390,0,pcs,yes,KIT VALAVE 4S BSIV,36AA4106
ROTOR ASSLY,AA111202,BAJAJ,0,0,33,0,pcs,yes,ROTOR ASSLY,AA111202
TENSIONER ASSEMBLY,DS101277,BAJAJ,0,0,565,0,pcs,yes,TENSIONER ASSEMBLY,DS101277
COIL H.T. WITH CABLE AND CAP-LH,AA111132,BAJAJ,0,0,118,0,pcs,yes,COIL H.T. WITH CABLE AND CAP-LH,AA111132
SPROCKET CAMSHAFT,PD511229,BAJAJ,0,0,370,0,pcs,yes,SPROCKET CAMSHAFT,PD511229
SECTOR ASSY COMP.WITH LEVER,AA101736,BAJAJ,0,0,145,0,pcs,yes,SECTOR ASSY COMP.WITH LEVER,AA101736
ASSLY SECTOR COMP.REV.CONTROL,AA102018,BAJAJ,0,0,145,0,pcs,yes,ASSLY SECTOR COMP.REV.CONTROL,AA102018
STATOR ASSEMBLY(200CC),AN111013,BAJAJ,0,0,261,0,pcs,yes,STATOR ASSEMBLY(200CC),AN111013
IDLER GEAR,AN101338,BAJAJ,0,0,123,0,pcs,yes,IDLER GEAR,AN101338
ASSLY HOT AIR DEFLECTOR,AA102075,BAJAJ,0,0,0,0,pcs,yes,ASSLY HOT AIR DEFLECTOR,AA102075
COWLING INTAKE SIDE,AN101162,BAJAJ,0,0,0,0,pcs,yes,COWLING INTAKE SIDE,AN101162
INTERNAL COWLING,AN101203,BAJAJ,0,0,0,0,pcs,yes,INTERNAL COWLING,AN101203
ASSLY FAN COVER,AA101970,BAJAJ,0,0,3,0,pcs,yes,ASSLY FAN COVER,AA101970
PISTON VALVE KIT AA121280 4S PET,36AA4112,BAJAJ,0,0,52,0,pcs,yes,PISTON VALVE KIT AA121280 4S PET,36AA4112
KEY WOODRUFF-C'SHAFT MAG SIDE,AP101257,BAJAJ,0,0,9800,0,pcs,yes,KEY WOODRUFF-C'SHAFT MAG SIDE,AP101257
HEAD COVER,AN101177,BAJAJ,0,0,2,0,pcs,yes,HEAD COVER,AN101177
RUBBER PLUG ON BODY,AA231273,BAJAJ,0,0,0,0,pcs,yes,RUBBER PLUG ON BODY,AA231273
HANDLE BAR BODY,AP161048,BAJAJ,0,0,0,0,pcs,yes,HANDLE BAR BODY,AP161048
ASSLY GEAR CONTROL TUBE,24181074,BAJAJ,0,0,15,0,pcs,yes,ASSLY GEAR CONTROL TUBE,24181074
TUBE GAS CONTR W H.BA,24191098,BAJAJ,0,0,0,0,pcs,yes,TUBE GAS CONTR W H.BA,24191098
PACKING SHIELD & WINDSHIELD REFL,24231641,BAJAJ,0,0,0,0,pcs,yes,PACKING SHIELD & WINDSHIELD REFL,24231641
BEADING ONE PIECE W/S GLASS,AA231239,BAJAJ,0,0,0,0,pcs,yes,BEADING ONE PIECE W/S GLASS,AA231239
SLEEVE BUMPER MTG SIDE FL,24165274,BAJAJ,0,0,0,0,pcs,yes,SLEEVE BUMPER MTG SIDE FL,24165274
SLEEVE BUMPER MTG MID FL,24165273,BAJAJ,0,0,0,0,pcs,yes,SLEEVE BUMPER MTG MID FL,24165273
NEUTRAL SWITCH CABLE,AP111023,BAJAJ,0,0,400,0,pcs,yes,NEUTRAL SWITCH CABLE,AP111023
CABLE BRAKE PARKING REAR,AA151083,BAJAJ,0,0,40,0,pcs,yes,CABLE BRAKE PARKING REAR,AA151083
GEAR ASSEMBLY DIFFERENTIAL,AM101107,BAJAJ,0,0,38,0,pcs,yes,GEAR ASSEMBLY DIFFERENTIAL,AM101107
PIN GEAR BEVEL,24131032,BAJAJ,0,0,40,0,pcs,yes,PIN GEAR BEVEL,24131032
BEARING BALL,30151059-BAJAJ-BEARING-BALL,BAJAJ,0,0,450,0,pcs,yes,BEARING BALL,30151059-BAJAJ-BEARING-BALL
"CYL PISTON-LPG,PET 4S ASSLY",36AN0010,BAJAJ,0,0,4,0,pcs,yes,"CYL PISTON-LPG,PET 4S ASSLY",36AN0010
COLLAR CAMSHAFT,AA101814,BAJAJ,0,0,0,0,pcs,yes,COLLAR CAMSHAFT,AA101814
SPARK PLUG,AZ351207,BAJAJ,0,0,440,0,pcs,yes,SPARK PLUG,AZ351207
AXEL REAR,24171118-BAJAJ-AXEL-REAR,BAJAJ,0,0,100,0,pcs,yes,AXEL REAR,24171118-BAJAJ-AXEL-REAR
BEARING RACE KIT LOWER-COMP & Z,36BH0053,BAJAJ,0,0,14,0,pcs,yes,BEARING RACE KIT LOWER-COMP & Z,36BH0053
IDLER GEAR NEW MODEL,AF101208,BAJAJ,0,0,40,0,pcs,yes,IDLER GEAR NEW MODEL,AF101208
DIFFERENTIAL GASKET BS6,AN101312,BAJAJ,0,0,50,0,pcs,yes,DIFFERENTIAL GASKET BS6,AN101312
LEVER-ASSY,DH101180,BAJAJ,0,0,200,0,pcs,yes,LEVER-ASSY,DH101180
GUIDE CHAIN SLACK SIDE (2021),RA511001,BAJAJ,0,0,0,0,pcs,yes,GUIDE CHAIN SLACK SIDE (2021),RA511001
GUIDE CHAIN TIGHT SIDE (2021),RA511002,BAJAJ,0,0,104,0,pcs,yes,GUIDE CHAIN TIGHT SIDE (2021),RA511002
BEARINH NEEDLE (SL 3520),59200012-BAJAJ-BEARINH-NEEDLE-SL-35,BAJAJ,0,0,180,0,pcs,yes,BEARINH NEEDLE (SL 3520),59200012-BAJAJ-BEARINH-NEEDLE-SL-35
REAR & COVER,AA111079,BAJAJ,0,0,74,0,pcs,yes,REAR & COVER,AA111079
CRANKCASE CLUTCH SIDE,AN101127,BAJAJ,0,0,8,0,pcs,yes,CRANKCASE CLUTCH SIDE,AN101127
KIT CONNECTING ROD,36AA4132-MB-KIT-CONNECTING-ROD,MB,0,0,90,0,pcs,yes,KIT CONNECTING ROD,36AA4132-MB-KIT-CONNECTING-ROD
PLUG SPARK WITH SOLID POST-FMG (RG6HCC),AA111153,CHAMPION,0,0,400,0,pcs,yes,PLUG SPARK WITH SOLID POST-FMG (RG6HCC),AA111153
BEARING NEEDDLE SL-3520,59200012-PABLA-BEARING-NEEDDLE-SL-3,PABLA,0,0,310,0,pcs,yes,BEARING NEEDDLE SL-3520,59200012-PABLA-BEARING-NEEDDLE-SL-3
BEARING BALL 28,39193120,PABLA,0,0,550,0,pcs,yes,BEARING BALL 28,39193120
KIT SHOE BRAKE,24151171,AERO,0,0,200,0,pcs,yes,KIT SHOE BRAKE,24151171
BELLOW PROPELLER,24171076,HARI,0,0,750,0,pcs,yes,BELLOW PROPELLER,24171076
INSULATOR,AA101594,GKI,0,0,322,0,pcs,yes,INSULATOR,AA101594
GASKET KIT BS4 GKI,GKI-GKI-GASKET-KIT-BS4-GKI,GKI,0,0,725,0,pcs,yes,GASKET KIT BS4 GKI,GKI-GKI-GASKET-KIT-BS4-GKI
GASKET KIT BS6,GKI-GKI-GASKET-KIT-BS6,GKI,0,0,250,0,pcs,yes,GASKET KIT BS6,GKI-GKI-GASKET-KIT-BS6
ASSEMBLY TRAILING ARM LH FL,24171179,SE,0,0,96,0,pcs,yes,ASSEMBLY TRAILING ARM LH FL,24171179
ASSLY TRAILING ARM RH FL,24171180,SE,0,0,95,0,pcs,yes,ASSLY TRAILING ARM RH FL,24171180
GUIDE CHAIN SLACK/TIGHT SIDE (SET),RA511001/RA511002,LOCAL,0,0,500,0,pcs,yes,GUIDE CHAIN SLACK/TIGHT SIDE (SET),RA511001/RA511002
CYL ASSY WHEEL COMP R,24151164,NJ,0,0,0,0,pcs,yes,CYL ASSY WHEEL COMP R,24151164
PISTON & RINGS +1 (COMPACT),HF-HF-PISTON-RINGS-1-COMPA,HF,0,0,359,0,pcs,yes,PISTON & RINGS +1 (COMPACT),HF-HF-PISTON-RINGS-1-COMPA
PISTON & RINGS STD (COMPACT),HF-HF-PISTON-RINGS-STD-COM,HF,0,0,200,0,pcs,yes,PISTON & RINGS STD (COMPACT),HF-HF-PISTON-RINGS-STD-COM
FLANGE WHEEL SIDE,AY141202,LOCAL,0,0,380,0,pcs,yes,FLANGE WHEEL SIDE,AY141202
FLANGE S.G. HSG. WITH OIL SEAL,36AA4114,LOCAL,0,0,485,0,pcs,yes,FLANGE S.G. HSG. WITH OIL SEAL,36AA4114
FLANGE DIFF. GEAR WITH OIL SEAL,36AA4115,LOCAL,0,0,465,0,pcs,yes,FLANGE DIFF. GEAR WITH OIL SEAL,36AA4115
SEAL OIL MAG SIDE (22X35X7) 2 PCS PACKING,AP101268,LOCAL,0,0,584,0,pcs,yes,SEAL OIL MAG SIDE (22X35X7) 2 PCS PACKING,AP101268
SEAL OIL (35X50X8/12),BF551613,LOCAL,0,0,565,0,pcs,yes,SEAL OIL (35X50X8/12),BF551613
SEAL OIL (35X47X7),22171007,LOCAL,0,0,530,0,pcs,yes,SEAL OIL (35X47X7),22171007
GEAR CABL2524 COM 4S,AA191093-LOCAL-GEAR-CABL2524-COM-4S,LOCAL,0,0,440,0,pcs,yes,GEAR CABL2524 COM 4S,AA191093-LOCAL-GEAR-CABL2524-COM-4S
GEAR CABL2520 COM 4S,AA191094-LOCAL-GEAR-CABL2520-COM-4S,LOCAL,0,0,450,0,pcs,yes,GEAR CABL2520 COM 4S,AA191094-LOCAL-GEAR-CABL2520-COM-4S
CABLE ACCELERATOR,AA191139,LOCAL,0,0,120,0,pcs,yes,CABLE ACCELERATOR,AA191139
CABLE CLUTCH,AA191092,LOCAL,0,0,290,0,pcs,yes,CABLE CLUTCH,AA191092
SPEEDO METER CABLE,AA191102,LOCAL,0,0,80,0,pcs,yes,SPEEDO METER CABLE,AA191102
CAP SPARK PLUG LH SOLID POST,AF111031,LOCAL,0,0,230,0,pcs,yes,CAP SPARK PLUG LH SOLID POST,AF111031
CAP SPARK PLUG RH SOLID POST,AF111032,LOCAL,0,0,231,0,pcs,yes,CAP SPARK PLUG RH SOLID POST,AF111032
ASSLY AXLE FRONT WHEEL (COMPACT),24151266,LOCAL,0,0,311,0,pcs,yes,ASSLY AXLE FRONT WHEEL (COMPACT),24151266
AXLE ASSLY REAR WHEE (COMPACT),24171118-LOCAL-AXLE-ASSLY-REAR-WHEE,LOCAL,0,0,262,0,pcs,yes,AXLE ASSLY REAR WHEE (COMPACT),24171118-LOCAL-AXLE-ASSLY-REAR-WHEE
SLEEVE SPARK PLUG,AZ511010,LOCAL,0,0,110,0,pcs,yes,SLEEVE SPARK PLUG,AZ511010
HUB FRONT,AA151084,LOCAL,0,0,183,0,pcs,yes,HUB FRONT,AA151084
CAP STRAINER,JV541006,LOCAL,0,0,100,0,pcs,yes,CAP STRAINER,JV541006
WHEEL RIM 3.00X8,24151285,LOCAL,0,0,58,0,pcs,yes,WHEEL RIM 3.00X8,24151285
ASSLY SHAFT PROPELLER WITHOUT PIN,24101829,LOCAL,0,0,143,0,pcs,yes,ASSLY SHAFT PROPELLER WITHOUT PIN,24101829
STICK DIP CLUTCH COVER,AA101667,LOCAL,0,0,870,0,pcs,yes,STICK DIP CLUTCH COVER,AA101667
ASSLY STEERING COLUMN,AA171027,LOCAL,0,0,43,0,pcs,yes,ASSLY STEERING COLUMN,AA171027
ISOLATOR (2 NAKKA),AF161281,LOCAL,0,0,488,0,pcs,yes,ISOLATOR (2 NAKKA),AF161281
MESH OIL FILTER ASSY_G2,JG571024,LOCAL,0,0,565,0,pcs,yes,MESH OIL FILTER ASSY_G2,JG571024
DOLLAR RUBBER (THICK),LOCAL,LOCAL,0,0,300,0,pcs,yes,DOLLAR RUBBER (THICK),LOCAL
PULLEY GAS CONTROL,24191101,LOCAL,0,0,0,0,pcs,yes,PULLEY GAS CONTROL,24191101
SPRING CLIP,CM191049,LOCAL,0,0,100,0,pcs,yes,SPRING CLIP,CM191049
PULLEY GEAR CONTROL,24191184,LOCAL,0,0,98,0,pcs,yes,PULLEY GEAR CONTROL,24191184
SLEEVE SPARK PLUG,AN101181,LOCAL,0,0,990,0,pcs,yes,SLEEVE SPARK PLUG,AN101181
PIN ASSEMBLY PIVOT (FOUNDATION AXLE WITH NUT),AA171011,LOCAL,0,0,200,0,pcs,yes,PIN ASSEMBLY PIVOT (FOUNDATION AXLE WITH NUT),AA171011
SLIDER BLOCK KIT,,LOCAL,0,0,956,0,pcs,yes,SLIDER BLOCK KIT,
SLIDER BLOCK KIT BS6,,,0,0,420,0,pcs,yes,SLIDER BLOCK KIT BS6,
FUSE BLADE TYPE 10/30 AMP,AK201012,LOCAL,0,0,0,0,pcs,yes,FUSE BLADE TYPE 10/30 AMP,AK201012
BEARING BALL C-CASE MAGN.SIDE 6304,30151059-PABLA-BEARING-BALL-C-CASE-,PABLA,0,0,195,0,pcs,yes,BEARING BALL C-CASE MAGN.SIDE 6304,30151059-PABLA-BEARING-BALL-C-CASE-
BEARING BALL 20*52*15 2RS 6301,39186420,PABLA,0,0,265,0,pcs,yes,BEARING BALL 20*52*15 2RS 6301,39186420
BEARING BALL 6305 2RS,39256120,PABLA,0,0,145,0,pcs,yes,BEARING BALL 6305 2RS,39256120
CHOKE CABLE COMP,24191182,LOCAL,0,0,140,0,pcs,yes,CHOKE CABLE COMP,24191182
SEAL OIL CLUTCH COVER (20X12X 5.5),39104119,LOCAL,0,0,1470,0,pcs,yes,SEAL OIL CLUTCH COVER (20X12X 5.5),39104119
S/A BJ 3WH ANTI DIVE FRONT (AB171044),S135100607,ENDURANCE,0,0,316,0,pcs,yes,S/A BJ 3WH ANTI DIVE FRONT (AB171044),S135100607
S/A BJ 3WH SPIN RR (PLASTIC) (24171094),S260100807,ENDURANCE,0,0,371,0,pcs,yes,S/A BJ 3WH SPIN RR (PLASTIC) (24171094),S260100807
MAJOR KIT TMC BJ 3 WH (24151097),3005100101,ENDURANCE,0,0,215,0,pcs,yes,MAJOR KIT TMC BJ 3 WH (24151097),3005100101
TMC ASSY BJ MXMA Z / CMPCT+ FR (24151291),B35401600O,ENDURANCE,0,0,391,0,pcs,yes,TMC ASSY BJ MXMA Z / CMPCT+ FR (24151291),B35401600O
CLUTCH ASSY BJ 3WH 4ST 200 CC MX-CNG (AA101593),1650101701,ENDURANCE,0,0,274,0,pcs,yes,CLUTCH ASSY BJ 3WH 4ST 200 CC MX-CNG (AA101593),1650101701
F/C BJ 3WH 4ST COMPACT (DI) SET (36AA4025),165FC00375,ENDURANCE,0,0,619,0,pcs,yes,F/C BJ 3WH 4ST COMPACT (DI) SET (36AA4025),165FC00375
HOUSING CLUTCH ASSY LPG BJ 4 ST (AA101592),1650200739,ENDURANCE,0,0,88,0,pcs,yes,HOUSING CLUTCH ASSY LPG BJ 4 ST (AA101592),1650200739
S/A BJ 3WH RR SPIN (METAL),S265100406,ENDURANCE,0,0,392,0,pcs,yes,S/A BJ 3WH RR SPIN (METAL),S265100406
WHEEL CYL ASSY BJ 3WHEEL RR (24151164),2871400201,ENDURANCE,0,0,40,0,pcs,yes,WHEEL CYL ASSY BJ 3WHEEL RR (24151164),2871400201
DURO VALVE WITH SEAL AUTO4 BSVI 36RA03,DURO-AUTO4-RA003S,VARROC,0,0,500,0,pcs,yes,DURO VALVE WITH SEAL AUTO4 BSVI 36RA03,DURO-AUTO4-RA003S
CDI-PETROL FL 2021 (AA111222),AA111222,SWISS-M0569C,0,0,10,0,pcs,yes,CDI-PETROL FL 2021 (AA111222),AA111222
REGULATOR (AF201036),AF201036,SWISS-M0782A,0,0,148,0,pcs,yes,REGULATOR (AF201036),AF201036
SWITCH IGNITION WITH KEY (36AA4028),36AA4028,SWISS-M0431E,0,0,280,0,pcs,yes,SWITCH IGNITION WITH KEY (36AA4028),36AA4028
BOX ASSLY WITH FUSE RE4S (AA201185),AA201185,SWISS-M0030AL,0,0,580,0,pcs,yes,BOX ASSLY WITH FUSE RE4S (AA201185),AA201185
INNER TUBE 400*8,,,0,0,475,0,pcs,yes,INNER TUBE 400*8,
WHEEL CAP 3WH,,,0,0,81,0,pcs,yes,WHEEL CAP 3WH,
VALVE SEAL (39103519),VLSL-AUTO4-3919,VARROC,0,0,9490,0,pcs,yes,VALVE SEAL (39103519),VLSL-AUTO4-3919
"CYL BLOCK ASSLY-LPG,PET 4S BSIV (36AA4105)",CKIT-COMP-3605,VARROC,0,0,132,0,pcs,yes,"CYL BLOCK ASSLY-LPG,PET 4S BSIV (36AA4105)",CKIT-COMP-3605
AXLE REAR AUTO24 N M FROM FEB 08 (24171118),AXLE-AUTO-2418R,VARROC,0,0,165,0,pcs,yes,AXLE REAR AUTO24 N M FROM FEB 08 (24171118),AXLE-AUTO-2418R
AXLE FRONT COMPAQ 24 (24151266),AXLE-COMP-2466,VARROC,0,0,110,0,pcs,yes,AXLE FRONT COMPAQ 24 (24151266),AXLE-COMP-2466
PROPELLER SHAFT AUTO2 COMPAQ WITH PIN(24101829),FORG-AUTO2P-2429,VARROC,0,0,100,0,pcs,yes,PROPELLER SHAFT AUTO2 COMPAQ WITH PIN(24101829),FORG-AUTO2P-2429
TRAILING ARM COMPAQ LEFT (24171179),SUSP-AUTO24-2479,VARROC,0,0,79,0,pcs,yes,TRAILING ARM COMPAQ LEFT (24171179),SUSP-AUTO24-2479
TRAILING ARM COMPAQ RIGHT (24171180),SUSP-AUTO24-2480,VARROC,0,0,86,0,pcs,yes,TRAILING ARM COMPAQ RIGHT (24171180),SUSP-AUTO24-2480
BEARING S L3520 COMP RRE 205 AAPE (59200012),BKIT-AUTO-S3520,VARROC,0,0,230,0,pcs,yes,BEARING S L3520 COMP RRE 205 AAPE (59200012),BKIT-AUTO-S3520
FUSE BOX ASSY AUTO COMPAQ PETROL 205 (AA201185),FUSE-AUTO-AA85,VARROC,0,0,402,0,pcs,yes,FUSE BOX ASSY AUTO COMPAQ PETROL 205 (AA201185),FUSE-AUTO-AA85
PLUG CAP RRE COMPAQ BS4 RH WHITE LONG (AF111031),PCAP-AUTO4-AF32,VARROC,0,0,100,0,pcs,yes,PLUG CAP RRE COMPAQ BS4 RH WHITE LONG (AF111031),PCAP-AUTO4-AF32
PLUG CAP RRE COMPAQ BS4 LH WHITE SMALL (AA111032),PCAP-AUTO4-AF31,VARROC,0,0,100,0,pcs,yes,PLUG CAP RRE COMPAQ BS4 LH WHITE SMALL (AA111032),PCAP-AUTO4-AF31
R R AUTO4 176 205 (AF201036),REGR-AUTO4-AF36,VARROC,0,0,51,0,pcs,yes,R R AUTO4 176 205 (AF201036),REGR-AUTO4-AF36
BELLOW AUTO H DUTY W O COLLAR PS 2476 (24171076),RUBB-AUTO-HD76,VARROC,0,0,450,0,pcs,yes,BELLOW AUTO H DUTY W O COLLAR PS 2476 (24171076),RUBB-AUTO-HD76
RVM AUTO RE DIESEL BS6 LH (AA221042),REVM-AUTO4-AA42,VARROC,0,0,30,0,pcs,yes,RVM AUTO RE DIESEL BS6 LH (AA221042),REVM-AUTO4-AA42
RVM AUTO RE DIESEL BS6 RH (AA221043),REVM-AUTO4-AA43,VARROC,0,0,30,0,pcs,yes,RVM AUTO RE DIESEL BS6 RH (AA221043),REVM-AUTO4-AA43
FLANGE V SERIES MEDIUM FACE LIFT COMP(AY141202),FLNG-AUTO24-WD21,VARROC,0,0,403,0,pcs,yes,FLANGE V SERIES MEDIUM FACE LIFT COMP(AY141202),FLNG-AUTO24-WD21
FLANGE V SERIES BIG FACE LIFT COMP (36AA4114),FLNG-AUTO24-WD22,VARROC,0,0,379,0,pcs,yes,FLANGE V SERIES BIG FACE LIFT COMP (36AA4114),FLNG-AUTO24-WD22
FLANGE V SERIES SMALL AY TYP KING COMP (36AA4115),FLNG-AUTO24-WD02,VARROC,0,0,379,0,pcs,yes,FLANGE V SERIES SMALL AY TYP KING COMP (36AA4115),FLNG-AUTO24-WD02
ROTOR ASSY AUTO4 COMPAQ MAZIMA Z BSIV,MGRT-AUTO4-AA02,VARROC,0,0,85,0,pcs,yes,ROTOR ASSY AUTO4 COMPAQ MAZIMA Z BSIV,MGRT-AUTO4-AA02
COMBINATION SWITCH (RH),,SWISS-M0569C,0,0,50,0,pcs,yes,COMBINATION SWITCH (RH),
MRF TYRE 400*8,,MRF,0,0,0,0,pcs,yes,MRF TYRE 400*8,
