Product Name,SKU,Barcode,Cost Price,Selling Price,Brand,Part No,Source Row
SEAL - HEAD COVER,AA101844,AA101844,7.56,11.00,BAJAJ,AA101844,2
CAM CHAIN 100 LINKS,DK101064,DK101064,26.11,37.50,BAJAJ,DK101064,3
CHAIN,RA511202,RA511202,26.89,39.00,BAJAJ,RA511202,4
ASSLY CRANKSHAFT-205FL,AA101949,AA101949,428.24,612.00,BAJAJ,AA101949,5
CRANKSHAFT ASSEMBLY,AF101277,AF101277,420.57,601.00,BAJAJ,AF101277,6
NUT HEXAGON FLANGE M16,39193815,39193815,2.22,3.20,BAJAJ,39193815,7
ASSLY CAMSHAFT,AA101864,AA101864,97.23,139.00,BAJAJ,AA101864,8
ARMATURE ASSY,AA111082,AA111082,107.11,153.00,BAJAJ,AA111082,9
KIT CONNECTING ROD,36AA4132-BAJAJ-KIT-CONNECTING-ROD,36AA4132-BAJAJ-KIT-CONNECTING-ROD,91.81,131.00,BAJAJ,36AA4132,10
OIL PUMP ASSLY,AA121336,AA121336,27.42,39.20,BAJAJ,AA121336,11
CHAIN,AM101174,AM101174,36.66,52.50,BAJAJ,AM101174,12
GEAR CABL2524 COM 4S,AA191093-BAJAJ-GEAR-CABL2524-COM-4S,AA191093-BAJAJ-GEAR-CABL2524-COM-4S,31.94,45.70,BAJAJ,AA191093,13
GEAR CABL2520 COM 4S,AA191094-BAJAJ-GEAR-CABL2520-COM-4S,AA191094-BAJAJ-GEAR-CABL2520-COM-4S,31.84,45.50,BAJAJ,AA191094,14
CARBURETTOR ASSLY,AA121324,AA121324,200.47,286.00,BAJAJ,AA121324,15
CYL BLOCK PISTON ASSLY-LPG,36AA4105,36AA4105,372.07,532.00,BAJAJ,36AA4105,16
KIT VALAVE 4S BSIV,36AA4106,36AA4106,56.28,80.50,BAJAJ,36AA4106,17
ROTOR ASSLY,AA111202,AA111202,184.24,263.50,BAJAJ,AA111202,18
TENSIONER ASSEMBLY,DS101277,DS101277,18.59,26.60,BAJAJ,DS101277,19
COIL H.T. WITH CABLE AND CAP-LH,AA111132,AA111132,36.25,51.90,BAJAJ,AA111132,20
SPROCKET CAMSHAFT,PD511229,PD511229,5.24,7.50,BAJAJ,PD511229,21
SECTOR ASSY COMP.WITH LEVER,AA101736,AA101736,28.86,41.30,BAJAJ,AA101736,22
ASSLY SECTOR COMP.REV.CONTROL,AA102018,AA102018,30.09,43.00,BAJAJ,AA102018,23
STATOR ASSEMBLY(200CC),AN111013,AN111013,140.29,200.00,BAJAJ,AN111013,24
IDLER GEAR,AN101338,AN101338,94.48,135.00,BAJAJ,AN101338,25
ASSLY HOT AIR DEFLECTOR,AA102075,AA102075,20.95,30.00,BAJAJ,AA102075,26
COWLING INTAKE SIDE,AN101162,AN101162,15.51,22.00,BAJAJ,AN101162,27
INTERNAL COWLING,AN101203,AN101203,32.97,47.20,BAJAJ,AN101203,28
ASSLY FAN COVER,AA101970,AA101970,31.22,44.50,BAJAJ,AA101970,29
PISTON VALVE KIT AA121280 4S PET,36AA4112,36AA4112,26.39,38.00,BAJAJ,36AA4112,30
KEY WOODRUFF-C'SHAFT MAG SIDE,AP101257,AP101257,0.70,1.00,BAJAJ,AP101257,31
HEAD COVER,AN101177,AN101177,65.42,93.60,BAJAJ,AN101177,32
RUBBER PLUG ON BODY,AA231273,AA231273,1.07,1.50,BAJAJ,AA231273,33
HANDLE BAR BODY,AP161048,AP161048,180.23,257.00,BAJAJ,AP161048,34
ASSLY GEAR CONTROL TUBE,24181074,24181074,18.18,26.00,BAJAJ,24181074,35
TUBE GAS CONTR W H.BA,24191098,24191098,12.73,18.20,BAJAJ,24191098,36
PACKING SHIELD & WINDSHIELD REFL,24231641,24231641,20.11,28.80,BAJAJ,24231641,37
BEADING ONE PIECE W/S GLASS,AA231239,AA231239,96.89,139.00,BAJAJ,AA231239,38
SLEEVE BUMPER MTG SIDE FL,24165274,24165274,5.03,7.20,BAJAJ,24165274,39
SLEEVE BUMPER MTG MID FL,24165273,24165273,4.31,6.20,BAJAJ,24165273,40
NEUTRAL SWITCH CABLE,AP111023,AP111023,9.22,13.20,BAJAJ,AP111023,41
CABLE BRAKE PARKING REAR,AA151083,AA151083,37.38,53.50,BAJAJ,AA151083,42
GEAR ASSEMBLY DIFFERENTIAL,AM101107,AM101107,325.14,465.00,BAJAJ,AM101107,43
PIN GEAR BEVEL,24131032,24131032,6.33,9.00,BAJAJ,24131032,44
BEARING BALL,30151059-BAJAJ-BEARING-BALL,30151059-BAJAJ-BEARING-BALL,11.11,16.00,BAJAJ,30151059,45
"CYL PISTON-LPG,PET 4S ASSLY",36AN0010,36AN0010,372.69,533.00,BAJAJ,36AN0010,46
COLLAR CAMSHAFT,AA101814,AA101814,4.11,5.80,BAJAJ,AA101814,47
SPARK PLUG,AZ351207,AZ351207,11.81,17.00,BAJAJ,AZ351207,48
AXEL REAR,24171118-BAJAJ-AXEL-REAR,24171118-BAJAJ-AXEL-REAR,93.14,133.00,BAJAJ,24171118,49
BEARING RACE KIT LOWER-COMP & Z,36BH0053,36BH0053,55.60,79.00,BAJAJ,36BH0053,50
IDLER GEAR NEW MODEL,AF101208,AF101208,91.12,130.00,BAJAJ,AF101208,51
DIFFERENTIAL GASKET BS6,AN101312,AN101312,7.16,10.60,BAJAJ,AN101312,52
LEVER-ASSY,DH101180,DH101180,3.78,5.80,BAJAJ,DH101180,53
GUIDE CHAIN SLACK SIDE (2021),RA511001,RA511001,11.10,16.00,BAJAJ,RA511001,54
GUIDE CHAIN TIGHT SIDE (2021),RA511002,RA511002,6.05,9.00,BAJAJ,RA511002,55
BEARINH NEEDLE (SL 3520),59200012-BAJAJ-BEARINH-NEEDLE-SL-3520,59200012-BAJAJ-BEARINH-NEEDLE-SL-3520,8.78,12.56,BAJAJ,59200012,56
REAR & COVER,AA111079,AA111079,42.99,61.51,BAJAJ,AA111079,57
CRANKCASE CLUTCH SIDE,AN101127,AN101127,429.38,614.44,BAJAJ,AN101127,58
KIT CONNECTING ROD,36AA4132-MB-KIT-CONNECTING-ROD,36AA4132-MB-KIT-CONNECTING-ROD,53.87,77.00,MB,36AA4132,59
PLUG SPARK WITH SOLID POST-FMG (RG6HCC),AA111153,AA111153,8.59,12.30,CHAMPION,AA111153,60
BEARING NEEDDLE SL-3520,59200012-PABLA-BEARING-NEEDDLE-SL-3520,59200012-PABLA-BEARING-NEEDDLE-SL-3520,5.05,7.20,PABLA,59200012,61
BEARING BALL 28,39193120,39193120,22.73,32.50,PABLA,39193120,62
KIT SHOE BRAKE,24151171,24151171,13.13,19.00,AERO,24151171,63
BELLOW PROPELLER,24171076,24171076,3.20,4.50,HARI,24171076,64
INSULATOR,AA101594,AA101594,1.35,1.90,GKI,AA101594,65
GASKET KIT BS4 GKI,GKI-GKI-GASKET-KIT-BS4-GKI,GKI-GKI-GASKET-KIT-BS4-GKI,7.58,10.90,GKI,GKI,66
GASKET KIT BS6,GKI-GKI-GASKET-KIT-BS6,GKI-GKI-GASKET-KIT-BS6,8.08,11.50,GKI,GKI,67
ASSEMBLY TRAILING ARM LH FL,24171179,24171179,126.27,180.00,SE,24171179,68
ASSLY TRAILING ARM RH FL,24171180,24171180,126.27,180.00,SE,24171180,69
GUIDE CHAIN SLACK/TIGHT SIDE (SET),RA511001/RA511002,RA511001/RA511002,10.40,14.88,LOCAL,RA511001/RA511002,70
CYL ASSY WHEEL COMP R,24151164,24151164,24.58,35.00,NJ,24151164,71
PISTON & RINGS +1 (COMPACT),HF-HF-PISTON-RINGS-1-COMPACT,HF-HF-PISTON-RINGS-1-COMPACT,40.41,58.00,HF,HF,72
PISTON & RINGS STD (COMPACT),HF-HF-PISTON-RINGS-STD-COMPACT,HF-HF-PISTON-RINGS-STD-COMPACT,40.41,58.00,HF,HF,73
FLANGE WHEEL SIDE,AY141202,AY141202,17.34,25.00,LOCAL,AY141202,74
FLANGE S.G. HSG. WITH OIL SEAL,36AA4114,36AA4114,19.19,27.50,LOCAL,36AA4114,75
FLANGE DIFF. GEAR WITH OIL SEAL,36AA4115,36AA4115,19.19,27.50,LOCAL,36AA4115,76
SEAL OIL MAG SIDE (22X35X7) 2 PCS PACKING,AP101268,AP101268,2.02,2.90,LOCAL,AP101268,77
SEAL OIL (35X50X8/12),BF551613,BF551613,1.52,2.20,LOCAL,BF551613,78
SEAL OIL (35X47X7),22171007,22171007,1.18,1.70,LOCAL,22171007,79
GEAR CABL2524 COM 4S,AA191093-LOCAL-GEAR-CABL2524-COM-4S,AA191093-LOCAL-GEAR-CABL2524-COM-4S,13.13,19.00,LOCAL,AA191093,80
GEAR CABL2520 COM 4S,AA191094-LOCAL-GEAR-CABL2520-COM-4S,AA191094-LOCAL-GEAR-CABL2520-COM-4S,13.13,19.00,LOCAL,AA191094,81
CABLE ACCELERATOR,AA191139,AA191139,9.09,13.00,LOCAL,AA191139,82
CABLE CLUTCH,AA191092,AA191092,15.15,21.70,LOCAL,AA191092,83
SPEEDO METER CABLE,AA191102,AA191102,14.53,21.20,LOCAL,AA191102,84
CAP SPARK PLUG LH SOLID POST,AF111031,AF111031,3.03,4.50,LOCAL,AF111031,85
CAP SPARK PLUG RH SOLID POST,AF111032,AF111032,3.37,4.60,LOCAL,AF111032,86
ASSLY AXLE FRONT WHEEL (COMPACT),24151266,24151266,20.20,29.00,LOCAL,24151266,87
AXLE ASSLY REAR WHEE (COMPACT),24171118-LOCAL-AXLE-ASSLY-REAR-WHEE-COMPACT,24171118-LOCAL-AXLE-ASSLY-REAR-WHEE-COMPACT,28.62,40.00,LOCAL,24171118,88
SLEEVE SPARK PLUG,AZ511010,AZ511010,4.21,6.00,LOCAL,AZ511010,89
HUB FRONT,AA151084,AA151084,90.91,130.00,LOCAL,AA151084,90
CAP STRAINER,JV541006,JV541006,3.20,4.50,LOCAL,JV541006,91
WHEEL RIM 3.00X8,24151285,24151285,58.93,85.00,LOCAL,24151285,92
ASSLY SHAFT PROPELLER WITHOUT PIN,24101829,24101829,16.84,24.00,LOCAL,24101829,93
STICK DIP CLUTCH COVER,AA101667,AA101667,1.68,2.40,LOCAL,AA101667,94
ASSLY STEERING COLUMN,AA171027,AA171027,205.40,293.00,LOCAL,AA171027,95
ISOLATOR (2 NAKKA),AF161281,AF161281,15.15,21.70,LOCAL,AF161281,96
MESH OIL FILTER ASSY_G2,JG571024,JG571024,3.54,5.00,LOCAL,JG571024,97
DOLLAR RUBBER (THICK),LOCAL,LOCAL,0.34,0.50,LOCAL,LOCAL,98
PULLEY GAS CONTROL,24191101,24191101,0.84,1.20,LOCAL,24191101,99
SPRING CLIP,CM191049,CM191049,0.25,0.40,LOCAL,CM191049,100
PULLEY GEAR CONTROL,24191184,24191184,0.84,1.20,LOCAL,24191184,101
SLEEVE SPARK PLUG,AN101181,AN101181,4.21,6.00,LOCAL,AN101181,102
PIN ASSEMBLY PIVOT (FOUNDATION AXLE WITH NUT),AA171011,AA171011,7.58,11.00,LOCAL,AA171011,103
SLIDER BLOCK KIT,,,2.86,4.10,LOCAL,,104
SLIDER BLOCK KIT BS6,,,3.21,5.30,,,105
FUSE BLADE TYPE 10/30 AMP,AK201012,AK201012,0.32,0.50,LOCAL,AK201012,106
BEARING BALL C-CASE MAGN.SIDE 6304,30151059-PABLA-BEARING-BALL-C-CASE-MAGN-SIDE-6304,30151059-PABLA-BEARING-BALL-C-CASE-MAGN-SIDE-6304,10.10,14.60,PABLA,30151059,107
BEARING BALL 20*52*15 2RS 6301,39186420,39186420,5.89,8.50,PABLA,39186420,108
BEARING BALL 6305 2RS,39256120,39256120,15.15,21.70,PABLA,39256120,109
CHOKE CABLE COMP,24191182,24191182,17.51,25.00,LOCAL,24191182,110
SEAL OIL CLUTCH COVER (20X12X 5.5),39104119,39104119,0.93,1.40,LOCAL,39104119,111
S/A BJ 3WH ANTI DIVE FRONT (AB171044),S135100607,S135100607,67.50,97.00,ENDURANCE,S135100607,112
S/A BJ 3WH SPIN RR (PLASTIC) (24171094),S260100807,S260100807,74.33,106.00,ENDURANCE,S260100807,113
MAJOR KIT TMC BJ 3 WH (24151097),3005100101,3005100101,27.34,39.00,ENDURANCE,3005100101,114
TMC ASSY BJ MXMA Z / CMPCT+ FR (24151291),B35401600O,B35401600O,106.80,152.00,ENDURANCE,B35401600O,115
CLUTCH ASSY BJ 3WH 4ST 200 CC MX-CNG (AA101593),1650101701,1650101701,301.27,431.00,ENDURANCE,1650101701,116
F/C BJ 3WH 4ST COMPACT (DI) SET (36AA4025),165FC00375,165FC00375,39.82,57.00,ENDURANCE,165FC00375,117
HOUSING CLUTCH ASSY LPG BJ 4 ST (AA101592),1650200739,1650200739,134.14,191.00,ENDURANCE,1650200739,118
S/A BJ 3WH RR SPIN (METAL),S265100406,S265100406,60.61,86.00,ENDURANCE,S265100406,119
WHEEL CYL ASSY BJ 3WHEEL RR (24151164),2871400201,2871400201,33.64,49.00,ENDURANCE,2871400201,120
DURO VALVE WITH SEAL AUTO4 BSVI 36RA03,DURO-AUTO4-RA003S,DURO-AUTO4-RA003S,32.46,46.50,VARROC,DURO-AUTO4-RA003S,121
CDI-PETROL FL 2021 (AA111222),AA111222,AA111222,51.26,74.00,SWISS-M0569C,AA111222,122
REGULATOR (AF201036),AF201036,AF201036,76.04,109.00,SWISS-M0782A,AF201036,123
SWITCH IGNITION WITH KEY (36AA4028),36AA4028,36AA4028,39.64,57.00,SWISS-M0431E,36AA4028,124
BOX ASSLY WITH FUSE RE4S (AA201185),AA201185,AA201185,26.94,38.50,SWISS-M0030AL,AA201185,125
INNER TUBE 400*8,,,19.36,27.80,,,126
WHEEL CAP 3WH,,,25.25,36.00,,,127
VALVE SEAL (39103519),VLSL-AUTO4-3919,VLSL-AUTO4-3919,5.05,7.50,VARROC,VLSL-AUTO4-3919,128
"CYL BLOCK ASSLY-LPG,PET 4S BSIV (36AA4105)",CKIT-COMP-3605,CKIT-COMP-3605,279.65,400.00,VARROC,CKIT-COMP-3605,129
AXLE REAR AUTO24 N M FROM FEB 08 (24171118),AXLE-AUTO-2418R,AXLE-AUTO-2418R,45.26,65.00,VARROC,AXLE-AUTO-2418R,130
AXLE FRONT COMPAQ 24 (24151266),AXLE-COMP-2466,AXLE-COMP-2466,30.12,43.00,VARROC,AXLE-COMP-2466,131
PROPELLER SHAFT AUTO2 COMPAQ WITH PIN(24101829),FORG-AUTO2P-2429,FORG-AUTO2P-2429,24.62,36.00,VARROC,FORG-AUTO2P-2429,132
TRAILING ARM COMPAQ LEFT (24171179),SUSP-AUTO24-2479,SUSP-AUTO24-2479,159.16,227.00,VARROC,SUSP-AUTO24-2479,133
TRAILING ARM COMPAQ RIGHT (24171180),SUSP-AUTO24-2480,SUSP-AUTO24-2480,159.16,227.00,VARROC,SUSP-AUTO24-2480,134
BEARING S L3520 COMP RRE 205 AAPE (59200012),BKIT-AUTO-S3520,BKIT-AUTO-S3520,6.35,9.50,VARROC,BKIT-AUTO-S3520,135
FUSE BOX ASSY AUTO COMPAQ PETROL 205 (AA201185),FUSE-AUTO-AA85,FUSE-AUTO-AA85,24.46,35.00,VARROC,FUSE-AUTO-AA85,136
PLUG CAP RRE COMPAQ BS4 RH WHITE LONG (AF111031),PCAP-AUTO4-AF32,PCAP-AUTO4-AF32,6.80,10.00,VARROC,PCAP-AUTO4-AF32,137
PLUG CAP RRE COMPAQ BS4 LH WHITE SMALL (AA111032),PCAP-AUTO4-AF31,PCAP-AUTO4-AF31,6.04,9.00,VARROC,PCAP-AUTO4-AF31,138
R R AUTO4 176 205 (AF201036),REGR-AUTO4-AF36,REGR-AUTO4-AF36,98.31,140.00,VARROC,REGR-AUTO4-AF36,139
BELLOW AUTO H DUTY W O COLLAR PS 2476 (24171076),RUBB-AUTO-HD76,RUBB-AUTO-HD76,6.04,9.00,VARROC,RUBB-AUTO-HD76,140
RVM AUTO RE DIESEL BS6 LH (AA221042),REVM-AUTO4-AA42,REVM-AUTO4-AA42,29.20,42.40,VARROC,REVM-AUTO4-AA42,141
RVM AUTO RE DIESEL BS6 RH (AA221043),REVM-AUTO4-AA43,REVM-AUTO4-AA43,29.20,42.40,VARROC,REVM-AUTO4-AA43,142
FLANGE V SERIES MEDIUM FACE LIFT COMP(AY141202),FLNG-AUTO24-WD21,FLNG-AUTO24-WD21,31.34,45.60,VARROC,FLNG-AUTO24-WD21,143
FLANGE V SERIES BIG FACE LIFT COMP (36AA4114),FLNG-AUTO24-WD22,FLNG-AUTO24-WD22,31.34,45.60,VARROC,FLNG-AUTO24-WD22,144
FLANGE V SERIES SMALL AY TYP KING COMP (36AA4115),FLNG-AUTO24-WD02,FLNG-AUTO24-WD02,28.13,40.00,VARROC,FLNG-AUTO24-WD02,145
ROTOR ASSY AUTO4 COMPAQ MAZIMA Z BSIV,MGRT-AUTO4-AA02,MGRT-AUTO4-AA02,111.92,161.00,VARROC,MGRT-AUTO4-AA02,146
COMBINATION SWITCH (RH),,,19.88,28.50,SWISS-M0569C,,147
MRF TYRE 400*8,,,179.96,243.00,MRF,,148
